INSERT INTO USER_TABLE VALUES ('admin','password','ADMIN')

INSERT INTO ACTIVITY_TYPE VALUES('A01','Purchase')
INSERT INTO ACTIVITY_TYPE VALUES('A02','Leave A Review')
INSERT INTO ACTIVITY_TYPE VALUES('A03','Refer A Friend')

INSERT INTO REWARD_TYPE VALUES('R01','Gift Card')
INSERT INTO REWARD_TYPE VALUES('R02','Free Product')

INSERT INTO USER_TABLE VALUES ('Brand01','password','BRAND')
INSERT INTO BRANDS VALUES ('Brand01','Brand X', '503 Rollig Creek Dr Austin, AR', TO_DATE('2021-04-01','YYYY-MM-DD'))
INSERT INTO LOYALTY_PROGRAM VALUES ('TLP01','SportGoods','ACTIVE')
INSERT INTO SET_UP VALUES ('Brand01', 'TLP01')

INSERT INTO TIERS VALUES ('TLP01', 'Bronze', 1, 1, 0)
INSERT INTO TIERS VALUES ('TLP01', 'Silver', 2, 2, 170)
INSERT INTO TIERS VALUES ('TLP01', 'Gold', 3, 3, 270)

INSERT INTO HAS_ACTIVITIES VALUES ('A01','TLP01')
INSERT INTO HAS_ACTIVITIES VALUES ('A02','TLP01')

INSERT INTO RE_RULES VALUES ('A01','TLP01', 1, 15, 'RERuleA01')
INSERT INTO RE_RULES VALUES ('A02','TLP01', 1, 10, 'RERuleA02')

INSERT INTO HAS_REWARDS VALUES ('R01','TLP01')
INSERT INTO HAS_REWARDS VALUES ('R02','TLP01')

INSERT INTO RR_RULES VALUES ('R01','TLP01', 1, 80, 'RRRuleR01')
INSERT INTO RR_RULES VALUES ('R02','TLP01', 1, 70, 'RRRuleR02')

INSERT INTO USER_TABLE VALUES ('Brand02','password','BRAND')
INSERT INTO BRANDS VALUES ('Brand02','Brand Y', '939 Orange Ave Coronado, CA', TO_DATE('2021-03-25', 'YYYY-MM-DD'))
INSERT INTO LOYALTY_PROGRAM VALUES ('TLP02', 'MegaCenter','ACTIVE')
INSERT INTO SET_UP VALUES ('Brand02', 'TLP02')

INSERT INTO TIERS VALUES ('TLP02', 'Special', 1, 1, 0)
INSERT INTO TIERS VALUES ('TLP02', 'Premium', 2, 2, 210)

INSERT INTO HAS_ACTIVITIES VALUES ('A01','TLP02')
INSERT INTO HAS_ACTIVITIES VALUES ('A03','TLP02')

INSERT INTO RE_RULES VALUES ('A01','TLP02', 1, 40, 'RERuleA01')
INSERT INTO RE_RULES VALUES ('A03','TLP02', 1, 30, 'RERuleA02')

INSERT INTO HAS_REWARDS VALUES ('R01','TLP02')
INSERT INTO HAS_REWARDS VALUES ('R02','TLP02')

INSERT INTO RR_RULES VALUES ('R01','TLP02', 1, 120, 'RRRuleR01')
INSERT INTO RR_RULES VALUES ('R02','TLP02', 1, 90, 'RRRuleR02')


INSERT INTO USER_TABLE VALUES ('Brand03','password','BRAND')
INSERT INTO BRANDS VALUES ('Brand03','Brand Z', '20 Roszel Rd Princeton, NJ', TO_DATE('2021-05-08', 'YYYY-MM-DD'))
INSERT INTO LOYALTY_PROGRAM VALUES ('RLP01','TechSups','ACTIVE')
INSERT INTO SET_UP VALUES ('Brand03', 'RLP01')

INSERT INTO HAS_ACTIVITIES VALUES ('A03','RLP01')

INSERT INTO RE_RULES VALUES ('A03','RLP01', 1, 10, 'RERuleA03')

INSERT INTO HAS_REWARDS VALUES ('R01','RLP01')

INSERT INTO RR_RULES VALUES ('R01','RLP01', 1, 100, 'RRRuleR01')

INSERT INTO USER_TABLE VALUES ('C0001','password','CUSTOMER')
INSERT INTO CUSTOMER VALUES ('C0001','Peter Parker', '20 Ingram Street, NY', '8636368778')

INSERT INTO WALLET VALUES ('C0001',0,'TLP01',1)
INSERT INTO WALLET VALUES ('C0001',0,'TLP02',1)

INSERT INTO ACTIVITY_INFO VALUES (TO_DATE('2021-06-10 06:10:00','YYYY-MM-DD HH24:MI:SS'), 15, 'A01', 'None', 'C0001', 'TLP01', 1)
INSERT INTO ACTIVITY_INFO VALUES (TO_DATE('2021-06-10 06:20:00','YYYY-MM-DD HH24:MI:SS'), 15, 'A01', 'None', 'C0001', 'TLP01', 1)
INSERT INTO ACTIVITY_INFO VALUES (TO_DATE('2021-06-10 06:30:00','YYYY-MM-DD HH24:MI:SS'), 15, 'A01', 'None', 'C0001', 'TLP01', 1)
INSERT INTO ACTIVITY_INFO VALUES (TO_DATE('2021-06-10 06:40:00','YYYY-MM-DD HH24:MI:SS'), 15, 'A01', 'None', 'C0001', 'TLP01', 1)

INSERT INTO ACTIVITY_INFO VALUES (TO_DATE('2021-06-18 06:00:00','YYYY-MM-DD HH24:MI:SS'), 10, 'A02', 'None', 'C0001', 'TLP01', 1)
INSERT INTO ACTIVITY_INFO VALUES (TO_DATE('2021-06-18 06:10:00','YYYY-MM-DD HH24:MI:SS'), 10, 'A02', 'None', 'C0001', 'TLP01', 1)

INSERT INTO REWARD_INFO   VALUES (TO_DATE('2021-07-02 06:00:00','YYYY-MM-DD HH24:MI:SS'), 1, -80, 'R01', '50', 'C0001', 'TLP01', 1)

INSERT INTO ACTIVITY_INFO VALUES (TO_DATE('2021-08-09 06:00:00','YYYY-MM-DD HH24:MI:SS'), 40, 'A01', 'None', 'C0001', 'TLP02', 1)
INSERT INTO ACTIVITY_INFO VALUES (TO_DATE('2021-08-09 06:10:00','YYYY-MM-DD HH24:MI:SS'), 40, 'A01', 'None', 'C0001', 'TLP02', 1)

INSERT INTO ACTIVITY_INFO VALUES (TO_DATE('2021-08-15 06:00:00','YYYY-MM-DD HH24:MI:SS'), 40, 'A01', 'None', 'C0001', 'TLP02', 1)

INSERT INTO REWARD_INFO   VALUES (TO_DATE('2021-08-25 06:00:00','YYYY-MM-DD HH24:MI:SS'), 76, -120, 'R01', '50', 'C0001', 'TLP02', 1)

INSERT INTO ACTIVITY_INFO VALUES (TO_DATE('2021-10-03 06:00:00','YYYY-MM-DD HH24:MI:SS'), 30, 'A03', 'None', 'C0001', 'TLP02', 1)

INSERT INTO ACTIVITY_INFO VALUES (TO_DATE('2021-10-18 06:00:00','YYYY-MM-DD HH24:MI:SS'), 30, 'A03', 'None', 'C0001', 'TLP02', 1)
INSERT INTO ACTIVITY_INFO VALUES (TO_DATE('2021-10-18 06:10:00','YYYY-MM-DD HH24:MI:SS'), 30, 'A03', 'None', 'C0001', 'TLP02', 1)

INSERT INTO REWARD_INFO   VALUES (TO_DATE('2021-10-20 06:00:00','YYYY-MM-DD HH24:MI:SS'), 106, -90, 'R02', 'None', 'C0001', 'TLP02', 1)

INSERT INTO USER_TABLE VALUES ('C0002','password','CUSTOMER')
INSERT INTO CUSTOMER VALUES ('C0002','Steve Rogers', '569 Leaman Place, NY', '8972468552')

INSERT INTO WALLET VALUES ('C0002',0,'TLP01',1)


INSERT INTO ACTIVITY_INFO VALUES (TO_DATE('2021-07-02 06:00:00','YYYY-MM-DD HH24:MI:SS'), 15, 'A01', 'None', 'C0002', 'TLP01', 1)
INSERT INTO ACTIVITY_INFO VALUES (TO_DATE('2021-07-02 06:10:00','YYYY-MM-DD HH24:MI:SS'), 15, 'A01', 'None', 'C0002', 'TLP01', 1)

INSERT INTO ACTIVITY_INFO VALUES (TO_DATE('2021-07-08 06:00:00','YYYY-MM-DD HH24:MI:SS'), 15, 'A01', 'None', 'C0002', 'TLP01', 1)
INSERT INTO ACTIVITY_INFO VALUES (TO_DATE('2021-07-08 06:10:00','YYYY-MM-DD HH24:MI:SS'), 15, 'A01', 'None', 'C0002', 'TLP01', 1)

INSERT INTO ACTIVITY_INFO VALUES (TO_DATE('2021-08-05 06:00:00','YYYY-MM-DD HH24:MI:SS'), 10, 'A02', 'None', 'C0002', 'TLP01', 1)

INSERT INTO REWARD_INFO   VALUES (TO_DATE('2021-09-01 06:00:00','YYYY-MM-DD HH24:MI:SS'), 41, -70, 'R02', 'None', 'C0002', 'TLP01', 1)

INSERT INTO USER_TABLE VALUES ('C0003','password','CUSTOMER')
INSERT INTO CUSTOMER VALUES ('C0003','Diana Prince', '1700 Broadway St, NY', '8547963210')

INSERT INTO WALLET VALUES ('C0003',0,'TLP02',1)
INSERT INTO WALLET VALUES ('C0003',0,'RLP01',1)


INSERT INTO ACTIVITY_INFO VALUES (TO_DATE('2021-07-30 06:00:00','YYYY-MM-DD HH24:MI:SS'), 10, 'A03', 'None', 'C0003', 'RLP01', 1)
INSERT INTO ACTIVITY_INFO VALUES (TO_DATE('2021-07-30 06:10:00','YYYY-MM-DD HH24:MI:SS'), 10, 'A03', 'None', 'C0003', 'RLP01', 1)
INSERT INTO ACTIVITY_INFO VALUES (TO_DATE('2021-07-30 06:20:00','YYYY-MM-DD HH24:MI:SS'), 10, 'A03', 'None', 'C0003', 'RLP01', 1)
INSERT INTO ACTIVITY_INFO VALUES (TO_DATE('2021-07-30 06:30:00','YYYY-MM-DD HH24:MI:SS'), 10, 'A03', 'None', 'C0003', 'RLP01', 1)

INSERT INTO ACTIVITY_INFO VALUES (TO_DATE('2021-08-01 06:00:00','YYYY-MM-DD HH24:MI:SS'), 40, 'A01', 'None', 'C0003', 'TLP02', 1)

INSERT INTO ACTIVITY_INFO VALUES (TO_DATE('2021-08-10 06:00:00','YYYY-MM-DD HH24:MI:SS'), 40, 'A01', 'None', 'C0003', 'TLP02', 1)
INSERT INTO ACTIVITY_INFO VALUES (TO_DATE('2021-08-10 06:10:00','YYYY-MM-DD HH24:MI:SS'), 40, 'A01', 'None', 'C0003', 'TLP02', 1)

INSERT INTO REWARD_INFO   VALUES (TO_DATE('2021-08-26 06:00:00','YYYY-MM-DD HH24:MI:SS'), 107, -90, 'R02', 'None', 'C0003', 'TLP02', 1)

INSERT INTO ACTIVITY_INFO VALUES (TO_DATE('2021-09-02 06:00:00','YYYY-MM-DD HH24:MI:SS'), 20, 'A01', 'None', 'C0003', 'TLP02', 1)

INSERT INTO ACTIVITY_INFO VALUES (TO_DATE('2021-10-01 06:00:00','YYYY-MM-DD HH24:MI:SS'), 30, 'A03', 'None', 'C0003', 'TLP02', 1)

INSERT INTO ACTIVITY_INFO VALUES (TO_DATE('2021-10-16 06:00:00','YYYY-MM-DD HH24:MI:SS'), 30, 'A03', 'None', 'C0003', 'TLP02', 1)

INSERT INTO REWARD_INFO   VALUES (TO_DATE('2021-10-18 06:00:00','YYYY-MM-DD HH24:MI:SS'), 108, -90, 'R02', 'None', 'C0003', 'TLP02', 1)

INSERT INTO USER_TABLE VALUES ('C0004','password','CUSTOMER')
INSERT INTO CUSTOMER VALUES ('C0004','Billy Batson', '5015 Broad St, Philadelphia, PA', '8974562583')

INSERT INTO USER_TABLE VALUES ('C0005','password','CUSTOMER')
INSERT INTO CUSTOMER VALUES ('C0005','Tony Stark', '10880 Malibu Point, CA', '8731596464')

INSERT INTO WALLET VALUES ('C0005',0,'TLP01',1)
INSERT INTO WALLET VALUES ('C0005',0,'TLP02',1)
INSERT INTO WALLET VALUES ('C0005',0,'RLP01',1)

INSERT INTO ACTIVITY_INFO VALUES (TO_DATE('2021-08-10 06:00:00','YYYY-MM-DD HH24:MI:SS'),  15, 'A01', 'None', 'C0005', 'TLP01', 1)
INSERT INTO ACTIVITY_INFO VALUES (TO_DATE('2021-08-10 06:10:00','YYYY-MM-DD HH24:MI:SS'),  15, 'A01', 'None', 'C0005', 'TLP01', 1)
INSERT INTO ACTIVITY_INFO VALUES (TO_DATE('2021-08-10 06:20:00','YYYY-MM-DD HH24:MI:SS'),  15, 'A01', 'None', 'C0005', 'TLP01', 1)
INSERT INTO ACTIVITY_INFO VALUES (TO_DATE('2021-08-10 06:30:00','YYYY-MM-DD HH24:MI:SS'),  15, 'A01', 'None', 'C0005', 'TLP01', 1)
INSERT INTO ACTIVITY_INFO VALUES (TO_DATE('2021-08-10 06:40:00','YYYY-MM-DD HH24:MI:SS'),  15, 'A01', 'None', 'C0005', 'TLP01', 1)
INSERT INTO ACTIVITY_INFO VALUES (TO_DATE('2021-08-10 06:50:00','YYYY-MM-DD HH24:MI:SS'),  15, 'A01', 'None', 'C0005', 'TLP01', 1)

INSERT INTO ACTIVITY_INFO VALUES (TO_DATE('2021-09-16 06:00:00','YYYY-MM-DD HH24:MI:SS'),  10, 'A03', 'None', 'C0005', 'RLP01', 1)
INSERT INTO ACTIVITY_INFO VALUES (TO_DATE('2021-09-16 06:10:00','YYYY-MM-DD HH24:MI:SS'),  10, 'A03', 'None', 'C0005', 'RLP01', 1)
INSERT INTO ACTIVITY_INFO VALUES (TO_DATE('2021-09-16 06:20:00','YYYY-MM-DD HH24:MI:SS'),  10, 'A03', 'None', 'C0005', 'RLP01', 1)

INSERT INTO ACTIVITY_INFO VALUES (TO_DATE('2021-09-30 06:00:00','YYYY-MM-DD HH24:MI:SS'),  10, 'A03', 'None', 'C0005', 'RLP01', 1)
INSERT INTO ACTIVITY_INFO VALUES (TO_DATE('2021-09-30 06:10:00','YYYY-MM-DD HH24:MI:SS'),  10, 'A03', 'None', 'C0005', 'RLP01', 1)

INSERT INTO ACTIVITY_INFO VALUES (TO_DATE('2021-09-30 07:00:00','YYYY-MM-DD HH24:MI:SS'),  10, 'A02', 'None', 'C0005', 'TLP01', 1)
INSERT INTO ACTIVITY_INFO VALUES (TO_DATE('2021-09-30 07:10:00','YYYY-MM-DD HH24:MI:SS'),  10, 'A02', 'None', 'C0005', 'TLP01', 1)
INSERT INTO ACTIVITY_INFO VALUES (TO_DATE('2021-09-30 07:20:00','YYYY-MM-DD HH24:MI:SS'),  10, 'A02', 'None', 'C0005', 'TLP01', 1)
INSERT INTO ACTIVITY_INFO VALUES (TO_DATE('2021-09-30 07:30:00','YYYY-MM-DD HH24:MI:SS'),  10, 'A02', 'None', 'C0005', 'TLP01', 1)
INSERT INTO ACTIVITY_INFO VALUES (TO_DATE('2021-09-30 07:40:00','YYYY-MM-DD HH24:MI:SS'),  10, 'A02', 'None', 'C0005', 'TLP01', 1)

INSERT INTO ACTIVITY_INFO VALUES (TO_DATE('2021-10-10 06:00:00','YYYY-MM-DD HH24:MI:SS'), 40, 'A01', 'None', 'C0005', 'TLP02', 1)
INSERT INTO ACTIVITY_INFO VALUES (TO_DATE('2021-10-10 06:10:00','YYYY-MM-DD HH24:MI:SS'), 40, 'A01', 'None', 'C0005', 'TLP02', 1)
INSERT INTO ACTIVITY_INFO VALUES (TO_DATE('2021-10-10 06:20:00','YYYY-MM-DD HH24:MI:SS'), 40, 'A01', 'None', 'C0005', 'TLP02', 1)
INSERT INTO ACTIVITY_INFO VALUES (TO_DATE('2021-10-10 06:30:00','YYYY-MM-DD HH24:MI:SS'), 40, 'A01', 'None', 'C0005', 'TLP02', 1)

INSERT INTO REWARD_INFO   VALUES (TO_DATE('2021-10-11 06:00:00','YYYY-MM-DD HH24:MI:SS'), 77, -120, 'R01', '50', 'C0005', 'TLP02', 1)

INSERT INTO REWARD_INFO   VALUES (TO_DATE('2021-10-11 06:30:00','YYYY-MM-DD HH24:MI:SS'), 2, -80, 'R01', '50', 'C0005', 'TLP01', 1)

INSERT INTO ACTIVITY_INFO VALUES (TO_DATE('2021-10-15 06:00:00','YYYY-MM-DD HH24:MI:SS'),  10, 'A02', 'None', 'C0005', 'TLP01', 1)
INSERT INTO ACTIVITY_INFO VALUES (TO_DATE('2021-10-15 06:10:00','YYYY-MM-DD HH24:MI:SS'),  10, 'A02', 'None', 'C0005', 'TLP01', 1)
INSERT INTO ACTIVITY_INFO VALUES (TO_DATE('2021-10-15 06:20:00','YYYY-MM-DD HH24:MI:SS'),  10, 'A02', 'None', 'C0005', 'TLP01', 1)

INSERT INTO REWARD_INFO   VALUES (TO_DATE('2021-10-17 06:00:00','YYYY-MM-DD HH24:MI:SS'), 42, -70, 'R02', 'None', 'C0005', 'TLP01', 1)