INSERT INTO USER_TABLE VALUES ('C0001','password','CUSTOMER')
INSERT INTO CUSTOMER VALUES ('C0001','Peter Parker', '20 Ingram Street, NY', '8636368778')

INSERT INTO WALLET VALUES ('C0001',0,'TLP01',1)
INSERT INTO WALLET VALUES ('C0001',0,'TLP02',1)

INSERT INTO ACTIVITY_INFO VALUES (TO_DATE('2021-06-10 06:10:00','YYYY-MM-DD HH24:MI:SS'), 15, 'A01', 'None', 'C0001', 'TLP01', 1)
INSERT INTO ACTIVITY_INFO VALUES (TO_DATE('2021-06-10 06:20:00','YYYY-MM-DD HH24:MI:SS'), 15, 'A01', 'None', 'C0001', 'TLP01', 1)
INSERT INTO ACTIVITY_INFO VALUES (TO_DATE('2021-06-10 06:30:00','YYYY-MM-DD HH24:MI:SS'), 15, 'A01', 'None', 'C0001', 'TLP01', 1)
INSERT INTO ACTIVITY_INFO VALUES (TO_DATE('2021-06-10 06:40:00','YYYY-MM-DD HH24:MI:SS'), 15, 'A01', 'None', 'C0001', 'TLP01', 1)

INSERT INTO ACTIVITY_INFO VALUES (TO_DATE('2021-06-18 06:00:00','YYYY-MM-DD HH24:MI:SS'), 10, 'A02', 'None', 'C0001', 'TLP01', 1)
INSERT INTO ACTIVITY_INFO VALUES (TO_DATE('2021-06-18 06:10:00','YYYY-MM-DD HH24:MI:SS'), 10, 'A02', 'None', 'C0001', 'TLP01', 1)

INSERT INTO REWARD_INFO   VALUES (TO_DATE('2021-07-02 06:00:00','YYYY-MM-DD HH24:MI:SS'), 1, -80, 'R01', '50', 'C0001', 'TLP01', 1)
UPDATE REWARD_INSTANCES SET CLAIMED_BY = 'C0001' WHERE REWARD_INSTANCE_ID = 1

INSERT INTO ACTIVITY_INFO VALUES (TO_DATE('2021-08-09 06:00:00','YYYY-MM-DD HH24:MI:SS'), 40, 'A01', 'None', 'C0001', 'TLP02', 1)
INSERT INTO ACTIVITY_INFO VALUES (TO_DATE('2021-08-09 06:10:00','YYYY-MM-DD HH24:MI:SS'), 40, 'A01', 'None', 'C0001', 'TLP02', 1)

INSERT INTO ACTIVITY_INFO VALUES (TO_DATE('2021-08-15 06:00:00','YYYY-MM-DD HH24:MI:SS'), 40, 'A01', 'None', 'C0001', 'TLP02', 1)

INSERT INTO REWARD_INFO   VALUES (TO_DATE('2021-08-25 06:00:00','YYYY-MM-DD HH24:MI:SS'), 76, -120, 'R01', '50', 'C0001', 'TLP02', 1)
UPDATE REWARD_INSTANCES SET CLAIMED_BY = 'C0001' WHERE REWARD_INSTANCE_ID = 76

INSERT INTO ACTIVITY_INFO VALUES (TO_DATE('2021-10-03 06:00:00','YYYY-MM-DD HH24:MI:SS'), 30, 'A03', 'None', 'C0001', 'TLP02', 1)

INSERT INTO ACTIVITY_INFO VALUES (TO_DATE('2021-10-18 06:00:00','YYYY-MM-DD HH24:MI:SS'), 30, 'A03', 'None', 'C0001', 'TLP02', 1)
INSERT INTO ACTIVITY_INFO VALUES (TO_DATE('2021-10-18 06:10:00','YYYY-MM-DD HH24:MI:SS'), 30, 'A03', 'None', 'C0001', 'TLP02', 1)

INSERT INTO REWARD_INFO   VALUES (TO_DATE('2021-10-20 06:00:00','YYYY-MM-DD HH24:MI:SS'), 106, -90, 'R02', 'None', 'C0001', 'TLP02', 1)
UPDATE REWARD_INSTANCES SET CLAIMED_BY = 'C0001' WHERE REWARD_INSTANCE_ID = 106

INSERT INTO USER_TABLE VALUES ('C0002','password','CUSTOMER')
INSERT INTO CUSTOMER VALUES ('C0002','Steve Rogers', '569 Leaman Place, NY', '8972468552')

INSERT INTO WALLET VALUES ('C0002',0,'TLP01',1)


INSERT INTO ACTIVITY_INFO VALUES (TO_DATE('2021-07-02 06:00:00','YYYY-MM-DD HH24:MI:SS'), 15, 'A01', 'None', 'C0002', 'TLP01', 1)
INSERT INTO ACTIVITY_INFO VALUES (TO_DATE('2021-07-02 06:10:00','YYYY-MM-DD HH24:MI:SS'), 15, 'A01', 'None', 'C0002', 'TLP01', 1)

INSERT INTO ACTIVITY_INFO VALUES (TO_DATE('2021-07-08 06:00:00','YYYY-MM-DD HH24:MI:SS'), 15, 'A01', 'None', 'C0002', 'TLP01', 1)
INSERT INTO ACTIVITY_INFO VALUES (TO_DATE('2021-07-08 06:10:00','YYYY-MM-DD HH24:MI:SS'), 15, 'A01', 'None', 'C0002', 'TLP01', 1)

INSERT INTO ACTIVITY_INFO VALUES (TO_DATE('2021-08-05 06:00:00','YYYY-MM-DD HH24:MI:SS'), 10, 'A02', 'None', 'C0002', 'TLP01', 1)

INSERT INTO REWARD_INFO   VALUES (TO_DATE('2021-09-01 06:00:00','YYYY-MM-DD HH24:MI:SS'), 41, -70, 'R02', 'None', 'C0002', 'TLP01', 1)
UPDATE REWARD_INSTANCES SET CLAIMED_BY = 'C0002' WHERE REWARD_INSTANCE_ID = 41

INSERT INTO USER_TABLE VALUES ('C0003','password','CUSTOMER')
INSERT INTO CUSTOMER VALUES ('C0003','Diana Prince', '1700 Broadway St, NY', '8547963210')

INSERT INTO WALLET VALUES ('C0003',0,'TLP02',1)
INSERT INTO WALLET VALUES ('C0003',0,'RLP01',1)


INSERT INTO ACTIVITY_INFO VALUES (TO_DATE('2021-07-30 06:00:00','YYYY-MM-DD HH24:MI:SS'), 10, 'A03', 'None', 'C0003', 'RLP01', 1)
INSERT INTO ACTIVITY_INFO VALUES (TO_DATE('2021-07-30 06:10:00','YYYY-MM-DD HH24:MI:SS'), 10, 'A03', 'None', 'C0003', 'RLP01', 1)
INSERT INTO ACTIVITY_INFO VALUES (TO_DATE('2021-07-30 06:20:00','YYYY-MM-DD HH24:MI:SS'), 10, 'A03', 'None', 'C0003', 'RLP01', 1)
INSERT INTO ACTIVITY_INFO VALUES (TO_DATE('2021-07-30 06:30:00','YYYY-MM-DD HH24:MI:SS'), 10, 'A03', 'None', 'C0003', 'RLP01', 1)

INSERT INTO ACTIVITY_INFO VALUES (TO_DATE('2021-08-01 06:00:00','YYYY-MM-DD HH24:MI:SS'), 40, 'A01', 'None', 'C0003', 'TLP02', 1)

INSERT INTO ACTIVITY_INFO VALUES (TO_DATE('2021-08-10 06:00:00','YYYY-MM-DD HH24:MI:SS'), 40, 'A01', 'None', 'C0003', 'TLP02', 1)
INSERT INTO ACTIVITY_INFO VALUES (TO_DATE('2021-08-10 06:10:00','YYYY-MM-DD HH24:MI:SS'), 40, 'A01', 'None', 'C0003', 'TLP02', 1)

INSERT INTO REWARD_INFO   VALUES (TO_DATE('2021-08-26 06:00:00','YYYY-MM-DD HH24:MI:SS'), 107, -90, 'R02', 'None', 'C0003', 'TLP02', 1)
UPDATE REWARD_INSTANCES SET CLAIMED_BY = 'C0003' WHERE REWARD_INSTANCE_ID = 107

INSERT INTO ACTIVITY_INFO VALUES (TO_DATE('2021-09-02 06:00:00','YYYY-MM-DD HH24:MI:SS'), 20, 'A01', 'None', 'C0003', 'TLP02', 1)

INSERT INTO ACTIVITY_INFO VALUES (TO_DATE('2021-10-01 06:00:00','YYYY-MM-DD HH24:MI:SS'), 30, 'A03', 'None', 'C0003', 'TLP02', 1)

INSERT INTO ACTIVITY_INFO VALUES (TO_DATE('2021-10-16 06:00:00','YYYY-MM-DD HH24:MI:SS'), 30, 'A03', 'None', 'C0003', 'TLP02', 1)

INSERT INTO REWARD_INFO   VALUES (TO_DATE('2021-10-18 06:00:00','YYYY-MM-DD HH24:MI:SS'), 108, -90, 'R02', 'None', 'C0003', 'TLP02', 1)
UPDATE REWARD_INSTANCES SET CLAIMED_BY = 'C0003' WHERE REWARD_INSTANCE_ID = 108

INSERT INTO USER_TABLE VALUES ('C0004','password','CUSTOMER')
INSERT INTO CUSTOMER VALUES ('C0004','Billy Batson', '5015 Broad St, Philadelphia, PA', '8974562583')


INSERT INTO USER_TABLE VALUES ('C0005','password','CUSTOMER')
INSERT INTO CUSTOMER VALUES ('C0005','Tony Stark', '10880 Malibu Point, CA', '8731596464')

INSERT INTO WALLET VALUES ('C0005',0,'TLP01',1)
INSERT INTO WALLET VALUES ('C0005',0,'TLP02',1)
INSERT INTO WALLET VALUES ('C0005',0,'RLP01',1)


INSERT INTO ACTIVITY_INFO VALUES (TO_DATE('2021-08-10 06:00:00','YYYY-MM-DD HH24:MI:SS'),  15, 'A01', 'None', 'C0005', 'TLP01', 1)
INSERT INTO ACTIVITY_INFO VALUES (TO_DATE('2021-08-10 06:10:00','YYYY-MM-DD HH24:MI:SS'),  15, 'A01', 'None', 'C0005', 'TLP01', 1)
INSERT INTO ACTIVITY_INFO VALUES (TO_DATE('2021-08-10 06:20:00','YYYY-MM-DD HH24:MI:SS'),  15, 'A01', 'None', 'C0005', 'TLP01', 1)
INSERT INTO ACTIVITY_INFO VALUES (TO_DATE('2021-08-10 06:30:00','YYYY-MM-DD HH24:MI:SS'),  15, 'A01', 'None', 'C0005', 'TLP01', 1)
INSERT INTO ACTIVITY_INFO VALUES (TO_DATE('2021-08-10 06:40:00','YYYY-MM-DD HH24:MI:SS'),  15, 'A01', 'None', 'C0005', 'TLP01', 1)
INSERT INTO ACTIVITY_INFO VALUES (TO_DATE('2021-08-10 06:50:00','YYYY-MM-DD HH24:MI:SS'),  15, 'A01', 'None', 'C0005', 'TLP01', 1)

INSERT INTO ACTIVITY_INFO VALUES (TO_DATE('2021-09-16 06:00:00','YYYY-MM-DD HH24:MI:SS'),  10, 'A03', 'None', 'C0005', 'RLP01', 1)
INSERT INTO ACTIVITY_INFO VALUES (TO_DATE('2021-09-16 06:10:00','YYYY-MM-DD HH24:MI:SS'),  10, 'A03', 'None', 'C0005', 'RLP01', 1)
INSERT INTO ACTIVITY_INFO VALUES (TO_DATE('2021-09-16 06:20:00','YYYY-MM-DD HH24:MI:SS'),  10, 'A03', 'None', 'C0005', 'RLP01', 1)

INSERT INTO ACTIVITY_INFO VALUES (TO_DATE('2021-09-30 06:00:00','YYYY-MM-DD HH24:MI:SS'),  10, 'A03', 'None', 'C0005', 'RLP01', 1)
INSERT INTO ACTIVITY_INFO VALUES (TO_DATE('2021-09-30 06:10:00','YYYY-MM-DD HH24:MI:SS'),  10, 'A03', 'None', 'C0005', 'RLP01', 1)

INSERT INTO ACTIVITY_INFO VALUES (TO_DATE('2021-09-30 07:00:00','YYYY-MM-DD HH24:MI:SS'),  10, 'A02', 'None', 'C0005', 'TLP01', 1)
INSERT INTO ACTIVITY_INFO VALUES (TO_DATE('2021-09-30 07:10:00','YYYY-MM-DD HH24:MI:SS'),  10, 'A02', 'None', 'C0005', 'TLP01', 1)
INSERT INTO ACTIVITY_INFO VALUES (TO_DATE('2021-09-30 07:20:00','YYYY-MM-DD HH24:MI:SS'),  10, 'A02', 'None', 'C0005', 'TLP01', 1)
INSERT INTO ACTIVITY_INFO VALUES (TO_DATE('2021-09-30 07:30:00','YYYY-MM-DD HH24:MI:SS'),  10, 'A02', 'None', 'C0005', 'TLP01', 1)
INSERT INTO ACTIVITY_INFO VALUES (TO_DATE('2021-09-30 07:40:00','YYYY-MM-DD HH24:MI:SS'),  10, 'A02', 'None', 'C0005', 'TLP01', 1)

INSERT INTO ACTIVITY_INFO VALUES (TO_DATE('2021-10-10 06:00:00','YYYY-MM-DD HH24:MI:SS'), 40, 'A01', 'None', 'C0005', 'TLP02', 1)
INSERT INTO ACTIVITY_INFO VALUES (TO_DATE('2021-10-10 06:10:00','YYYY-MM-DD HH24:MI:SS'), 40, 'A01', 'None', 'C0005', 'TLP02', 1)
INSERT INTO ACTIVITY_INFO VALUES (TO_DATE('2021-10-10 06:20:00','YYYY-MM-DD HH24:MI:SS'), 40, 'A01', 'None', 'C0005', 'TLP02', 1)
INSERT INTO ACTIVITY_INFO VALUES (TO_DATE('2021-10-10 06:30:00','YYYY-MM-DD HH24:MI:SS'), 40, 'A01', 'None', 'C0005', 'TLP02', 1)

INSERT INTO REWARD_INFO   VALUES (TO_DATE('2021-10-11 06:00:00','YYYY-MM-DD HH24:MI:SS'), 77, -120, 'R01', '50', 'C0005', 'TLP02', 1)
UPDATE REWARD_INSTANCES SET CLAIMED_BY = 'C0005' WHERE REWARD_INSTANCE_ID = 77

INSERT INTO REWARD_INFO   VALUES (TO_DATE('2021-10-11 06:30:00','YYYY-MM-DD HH24:MI:SS'), 2, -80, 'R01', '50', 'C0005', 'TLP01', 1)
UPDATE REWARD_INSTANCES SET CLAIMED_BY = 'C0005' WHERE REWARD_INSTANCE_ID = 2

INSERT INTO ACTIVITY_INFO VALUES (TO_DATE('2021-10-15 06:00:00','YYYY-MM-DD HH24:MI:SS'),  10, 'A02', 'None', 'C0005', 'TLP01', 1)
INSERT INTO ACTIVITY_INFO VALUES (TO_DATE('2021-10-15 06:10:00','YYYY-MM-DD HH24:MI:SS'),  10, 'A02', 'None', 'C0005', 'TLP01', 1)
INSERT INTO ACTIVITY_INFO VALUES (TO_DATE('2021-10-15 06:20:00','YYYY-MM-DD HH24:MI:SS'),  10, 'A02', 'None', 'C0005', 'TLP01', 1)

INSERT INTO REWARD_INFO   VALUES (TO_DATE('2021-10-17 06:00:00','YYYY-MM-DD HH24:MI:SS'), 42, -70, 'R02', 'None', 'C0005', 'TLP01', 1)
UPDATE REWARD_INSTANCES SET CLAIMED_BY = 'C0005' WHERE REWARD_INSTANCE_ID = 42