INSERT INTO USER_TABLE VALUES ('admin','password','ADMIN')

INSERT INTO ACTIVITY_TYPE VALUES('A01','Purchase')
INSERT INTO ACTIVITY_TYPE VALUES('A02','Leave A Review')
INSERT INTO ACTIVITY_TYPE VALUES('A03','Refer A Friend')
INSERT INTO ACTIVITY_TYPE VALUES('JoinEvent', 'Join Event')

INSERT INTO REWARD_TYPE VALUES('R01','Gift Card')
INSERT INTO REWARD_TYPE VALUES('R02','Free Product')

INSERT INTO USER_TABLE VALUES ('Brand01','password','BRAND')
INSERT INTO BRANDS VALUES ('Brand01','Brand X', '503 Rollig Creek Dr Austin, AR', TO_DATE('2021-04-01','YYYY-MM-DD'))
INSERT INTO LOYALTY_PROGRAM VALUES ('TLP01','SportGoods','ACTIVE')
INSERT INTO SET_UP VALUES ('Brand01', 'TLP01')

INSERT INTO TIERS VALUES ('TLP01', 'Bronze', 1, 1, 0)
INSERT INTO TIERS VALUES ('TLP01', 'Silver', 2, 2, 170)
INSERT INTO TIERS VALUES ('TLP01', 'Gold', 3, 3, 270)

INSERT INTO HAS_ACTIVITIES VALUES ('A01','TLP01')
INSERT INTO HAS_ACTIVITIES VALUES ('A02','TLP01')

INSERT INTO RE_RULES VALUES ('A01','TLP01', 1, 15, 'RERuleA01')
INSERT INTO RE_RULES VALUES ('A02','TLP01', 1, 10, 'RERuleA02')

INSERT INTO HAS_REWARDS VALUES ('R01','TLP01')
INSERT INTO HAS_REWARDS VALUES ('R02','TLP01')

INSERT INTO RR_RULES VALUES ('R01','TLP01', 1, 80, 'RRRuleR01')
INSERT INTO RR_RULES VALUES ('R02','TLP01', 1, 70, 'RRRuleR02')

INSERT INTO USER_TABLE VALUES ('Brand02','password','BRAND')
INSERT INTO BRANDS VALUES ('Brand02','Brand Y', '939 Orange Ave Coronado, CA', TO_DATE('2021-03-25', 'YYYY-MM-DD'))
INSERT INTO LOYALTY_PROGRAM VALUES ('TLP02', 'MegaCenter','ACTIVE')
INSERT INTO SET_UP VALUES ('Brand02', 'TLP02')

INSERT INTO TIERS VALUES ('TLP02', 'Special', 1, 1, 0)
INSERT INTO TIERS VALUES ('TLP02', 'Premium', 2, 2, 210)

INSERT INTO HAS_ACTIVITIES VALUES ('A01','TLP02')
INSERT INTO HAS_ACTIVITIES VALUES ('A03','TLP02')

INSERT INTO RE_RULES VALUES ('A01','TLP02', 1, 40, 'RERuleA01')
INSERT INTO RE_RULES VALUES ('A03','TLP02', 1, 30, 'RERuleA02')

INSERT INTO HAS_REWARDS VALUES ('R01','TLP02')
INSERT INTO HAS_REWARDS VALUES ('R02','TLP02')

INSERT INTO RR_RULES VALUES ('R01','TLP02', 1, 120, 'RRRuleR01')
INSERT INTO RR_RULES VALUES ('R02','TLP02', 1, 90, 'RRRuleR02')


INSERT INTO USER_TABLE VALUES ('Brand03','password','BRAND')
INSERT INTO BRANDS VALUES ('Brand03','Brand Z', '20 Roszel Rd Princeton, NJ', TO_DATE('2021-05-08', 'YYYY-MM-DD'))
INSERT INTO LOYALTY_PROGRAM VALUES ('RLP01','TechSups','ACTIVE')
INSERT INTO SET_UP VALUES ('Brand03', 'RLP01')

INSERT INTO HAS_ACTIVITIES VALUES ('A03','RLP01')

INSERT INTO RE_RULES VALUES ('A03','RLP01', 1, 10, 'RERuleA03')

INSERT INTO HAS_REWARDS VALUES ('R01','RLP01')

INSERT INTO RR_RULES VALUES ('R01','RLP01', 1, 100, 'RRRuleR01')